source_center,destination_center,volume,unique_trips,median_delay_ratio,breach_rate,median_actual_minutes,median_osrm_minutes,median_distance_km,excess_minutes,median_dwell_proxy,path_cost,x0,y0,x1,y1,is_chronic_delay
IND000000ACA,IND144001AAB,17,17,1.6382978723404256,1.0,79.0,48.0,69.4616,616.0,67.0,0.24253562503633297,0.3414021361273085,0.19219144951699532,0.2882766465494406,0.22064079310989024,True
IND000000ACA,IND152026AAA,1,1,1.5565217391304347,1.0,179.0,115.0,154.5822,64.0,142.0,1.0,0.3414021361273085,0.19219144951699532,0.39904551653164116,0.2530437614994622,True
IND000000ACA,IND160002AAC,71,71,2.1159420289855073,1.0,131.0,61.0,88.8839,5097.0,107.0,0.11867816581938533,0.3414021361273085,0.19219144951699532,0.17930770530329396,0.06426578435833179,True
IND000000ACB,IND110037AAK,39,39,1.75,1.0,69.0,38.0,39.2915,2185.0,125.0,0.16012815380508713,0.04410626785380089,0.044224360942262744,0.031607173193619664,0.235081219551338,True
IND000000ACB,IND110064AAA,48,48,1.5705049261083743,0.8958333333333334,95.5,60.0,59.407650000000004,1955.0,106.5,0.14433756729740646,0.04410626785380089,0.044224360942262744,0.15710254267464713,0.01437128011761029,True
IND000000ACB,IND121002AAB,57,57,1.90625,1.0,122.0,65.0,70.6197,4032.0,116.0,0.13245323570650439,0.04410626785380089,0.044224360942262744,-0.0366836776203229,0.21831025283559288,True
IND000000ACB,IND121004AAB,31,31,1.8032786885245902,1.0,114.0,63.0,64.8236,1849.0,71.0,0.1796053020267749,0.04410626785380089,0.044224360942262744,0.15075981878460828,-0.06218302926241651,True
IND000000ACB,IND160002AAC,58,58,2.1404506650784194,1.0,467.5,218.5,293.31785,17797.0,354.5,0.13130643285972254,0.04410626785380089,0.044224360942262744,0.17930770530329396,0.06426578435833179,True
IND000000ACB,IND209304AAA,15,15,2.0955223880597016,1.0,732.0,367.0,512.1734,5606.0,193.0,0.2581988897471611,0.04410626785380089,0.044224360942262744,0.26355878421243734,-0.19265559625247877,True
IND000000ACB,IND302014AAA,30,30,1.6880708294501399,1.0,319.5,186.5,236.00885,3815.0,209.0,0.18257418583505536,0.04410626785380089,0.044224360942262744,0.06700878042487779,-0.027947844933940324,True
IND000000ACB,IND382430AAB,17,17,1.7880690737833596,1.0,1176.0,637.0,882.4261,8903.0,174.0,0.24253562503633297,0.04410626785380089,0.044224360942262744,-0.0164182202548391,-0.021805891852737822,True
IND000000ACB,IND411033AAA,22,22,1.5551732745096087,1.0,1785.5,1144.0,1409.15625,13907.0,158.0,0.21320071635561041,0.04410626785380089,0.044224360942262744,-0.2247129255595074,-0.11564232576112854,True
IND000000ACB,IND421302AAG,33,33,1.7536496350364963,1.0,1858.0,1059.0,1393.77,27724.0,256.0,0.17407765595569785,0.04410626785380089,0.044224360942262744,-0.09652734779696122,-0.25429256805432443,True
IND000000ACB,IND462022AAA,18,18,1.512555210921724,1.0,1090.5,720.0,772.1985500000001,6495.0,167.0,0.23570226039551587,0.04410626785380089,0.044224360942262744,0.05407200671450757,-0.21431928151636812,True
IND000000ACB,IND501359AAE,29,29,1.7863599013968776,1.0,2229.0,1258.0,1691.1569,29767.0,247.0,0.18569533817705186,0.04410626785380089,0.044224360942262744,-0.10666295673000845,-0.019723457401459518,True
IND000000ACB,IND562132AAA,66,66,1.658670520231214,1.0,2861.5,1731.5,2278.8662,76332.0,193.0,0.12309149097933272,0.04410626785380089,0.044224360942262744,-0.0394965708592197,-0.06958317239877138,True
IND000000ACB,IND712311AAA,48,48,1.8436002130303568,1.0,2059.0,1106.5,1557.78415,49856.0,226.5,0.14433756729740646,0.04410626785380089,0.044224360942262744,0.2610654512684727,-0.13609123848332302,True
IND000000ACB,IND751002AAB,15,15,1.3706943685073811,0.9333333333333333,2379.0,1808.0,2276.8759,11433.0,154.0,0.2581988897471611,0.04410626785380089,0.044224360942262744,0.08044186775703169,-0.08797276593103011,True
IND000000ACB,IND821115AAB,18,18,1.764427507975895,1.0,1326.5,741.5,1052.1834,10244.0,183.0,0.23570226039551587,0.04410626785380089,0.044224360942262744,0.2353486274933801,-0.01236301813792071,True
IND000000ACB,IND842001AAA,19,19,1.7777777777777777,1.0,1509.0,843.0,1178.6136,12667.0,187.0,0.22941573387056174,0.04410626785380089,0.044224360942262744,-0.1583753167836501,0.7116312969524138,True
IND000000ACT,IND000000ACB,100,100,1.3281794425087108,0.72,57.0,42.0,43.71255,2710.0,150.0,0.1,0.14674419140289924,0.24838686229322682,0.04410626785380089,0.044224360942262744,True
IND000000ACT,IND160002AAC,21,21,1.9790575916230366,1.0,383.0,196.0,237.4183,4045.0,78.0,0.2182178902359924,0.14674419140289924,0.24838686229322682,0.17930770530329396,0.06426578435833179,True
IND000000AFT,IND400072AAB,10,10,2.026315789473684,1.0,37.5,18.0,21.1386,174.0,60.5,0.31622776601683794,-0.2313823158086919,-0.31132437013230113,-0.2750750266729604,-0.3585414762504734,True
IND000000AFT,IND421302AAG,15,15,2.5238095238095237,1.0,53.0,21.0,23.830199999999998,889.0,86.0,0.2581988897471611,-0.2313823158086919,-0.31132437013230113,-0.09652734779696122,-0.25429256805432443,True
IND110035AAC,IND110037AAM,3,3,1.7647058823529411,1.0,30.0,18.0,20.907799999999998,42.0,286.0,0.5773502691896258,0.2336393893014369,-0.3858156963711346,0.1461549749756001,-0.19054999878081674,True
IND110037AAK,IND000000ACB,43,43,2.057142857142857,1.0,81.0,38.0,40.692099999999996,4293.0,159.0,0.15249857033260467,0.031607173193619664,0.235081219551338,0.04410626785380089,0.044224360942262744,True
IND110037AAM,IND000000ACB,12,12,1.558139534883721,1.0,66.5,42.5,44.0599,292.0,261.5,0.2886751345948129,0.1461549749756001,-0.19054999878081674,0.04410626785380089,0.044224360942262744,True
IND110037AAM,IND110035AAC,36,36,2.1979949874686717,0.8888888888888888,46.0,21.0,19.8427,1447.0,96.5,0.16666666666666666,0.1461549749756001,-0.19054999878081674,0.2336393893014369,-0.3858156963711346,True
IND110037AAM,IND110064AAA,2,2,5.39375,1.0,103.5,18.0,14.17905,171.0,114.0,0.7071067811865475,0.1461549749756001,-0.19054999878081674,0.15710254267464713,0.01437128011761029,True
IND110037AAM,IND121004AAB,46,46,2.17741935483871,1.0,63.5,28.0,29.22475,2000.0,61.5,0.14744195615489714,0.1461549749756001,-0.19054999878081674,0.15075981878460828,-0.06218302926241651,True
IND110037AAM,IND209304AAA,25,25,1.9748603351955307,1.0,707.0,362.0,492.04,9185.0,291.0,0.2,0.1461549749756001,-0.19054999878081674,0.26355878421243734,-0.19265559625247877,True
IND110037AAM,IND421302AAG,18,18,1.7824311318868111,1.0,1985.5,1104.0,1454.74775,16770.0,321.5,0.23570226039551587,0.1461549749756001,-0.19054999878081674,-0.09652734779696122,-0.25429256805432443,True
IND110037AAM,IND781018AAB,1,1,2.145360155743024,1.0,3306.0,1541.0,2181.4607,1765.0,396.0,1.0,0.1461549749756001,-0.19054999878081674,0.333874555089723,-0.33290017193852783,True
IND110037AAM,IND811399AAA,11,11,2.1052631578947367,0.7272727272727273,80.0,38.0,32.967800000000004,584.0,176.0,0.30151134457776363,0.1461549749756001,-0.19054999878081674,0.28468430407811146,-0.2901493303034201,True
IND110044AAB,IND000000ACB,76,76,1.6528688524590165,0.9868421052631579,104.5,62.0,66.65395000000001,3837.0,77.0,0.11470786693528087,0.206167776080945,-0.14023418984616012,0.04410626785380089,0.044224360942262744,True
IND110044AAB,IND110037AAM,3,3,1.8666666666666667,1.0,43.0,22.0,24.686,67.0,76.0,0.5773502691896258,0.206167776080945,-0.14023418984616012,0.1461549749756001,-0.19054999878081674,True
IND110064AAA,IND000000ACB,39,39,2.0,0.8205128205128205,108.0,53.0,58.225899999999996,11452.0,30.0,0.16012815380508713,0.15710254267464713,0.01437128011761029,0.04410626785380089,0.044224360942262744,True
IND121002AAB,IND000000ACB,29,29,1.7882352941176471,0.9310344827586207,134.0,66.0,71.7813,2781.0,75.0,0.18569533817705186,-0.0366836776203229,0.21831025283559288,0.04410626785380089,0.044224360942262744,True
IND121004AAB,IND000000ACB,34,34,1.8152096659559347,1.0,118.5,63.0,65.1463,2327.0,23.5,0.17149858514250882,0.15075981878460828,-0.06218302926241651,0.04410626785380089,0.044224360942262744,True
IND121004AAB,IND110037AAM,37,37,2.5217391304347827,1.0,65.0,25.0,28.6533,1626.0,30.0,0.1643989873053573,0.15075981878460828,-0.06218302926241651,0.1461549749756001,-0.19054999878081674,True
IND134109AAA,IND160002AAC,15,15,10.0,1.0,475.0,36.0,35.230599999999995,5995.0,82.0,0.2581988897471611,0.4625899582658081,0.19313470783863013,0.17930770530329396,0.06426578435833179,True
IND144001AAB,IND000000ACA,23,23,2.3620689655172415,1.0,122.0,52.0,75.6466,1673.0,18.0,0.20851441405707477,0.2882766465494406,0.22064079310989024,0.3414021361273085,0.19219144951699532,True
IND144001AAB,IND160002AAC,1,1,5.349206349206349,1.0,674.0,126.0,179.25220000000002,548.0,191.0,1.0,0.2882766465494406,0.22064079310989024,0.17930770530329396,0.06426578435833179,True
IND152026AAA,IND000000ACA,19,19,4.0,1.0,548.0,138.0,183.2283,7782.0,75.0,0.22941573387056174,0.39904551653164116,0.2530437614994622,0.3414021361273085,0.19219144951699532,True
IND152026AAA,IND160002AAC,1,1,3.9950738916256157,1.0,811.0,203.0,256.9996,608.0,164.0,1.0,0.39904551653164116,0.2530437614994622,0.17930770530329396,0.06426578435833179,True
IND160002AAC,IND000000ACA,28,28,1.420807453416149,0.8928571428571429,125.5,91.0,128.72305,1257.0,153.5,0.1889822365046136,0.17930770530329396,0.06426578435833179,0.3414021361273085,0.19219144951699532,True
IND160002AAC,IND000000ACB,66,66,1.9289927574105876,1.0,421.0,218.0,293.52405,15266.0,236.5,0.12309149097933272,0.17930770530329396,0.06426578435833179,0.04410626785380089,0.044224360942262744,True
IND160002AAC,IND110037AAM,9,9,1.7659574468085106,1.0,334.0,185.0,234.34890000000001,1353.0,171.0,0.3333333333333333,0.17930770530329396,0.06426578435833179,0.1461549749756001,-0.19054999878081674,True
IND160002AAC,IND144001AAB,13,13,2.1818181818181817,1.0,243.0,117.0,160.7878,1937.0,339.0,0.2773500981126146,0.17930770530329396,0.06426578435833179,0.2882766465494406,0.22064079310989024,True
IND160002AAC,IND421302AAG,1,1,2.274586939417781,1.0,2891.0,1271.0,1679.658,1620.0,406.0,1.0,0.17930770530329396,0.06426578435833179,-0.09652734779696122,-0.25429256805432443,True
IND160002AAC,IND562132AAA,1,1,2.0300429184549356,1.0,3784.0,1864.0,2500.2145,1920.0,18.0,1.0,0.17930770530329396,0.06426578435833179,-0.0394965708592197,-0.06958317239877138,True
IND177033AAA,IND160002AAC,18,18,2.894484678293428,1.0,583.0,200.5,213.9098,6724.0,90.0,0.23570226039551587,0.33074630031653124,0.3299173137428575,0.17930770530329396,0.06426578435833179,True
IND208012AAA,IND209304AAA,13,13,10.0,1.0,666.0,19.0,22.862299999999998,7679.0,487.0,0.2773500981126146,0.4229878397055964,-0.3442688994263448,0.26355878421243734,-0.19265559625247877,True
IND209304AAA,IND000000ACB,35,35,1.3771929824561404,0.9142857142857143,643.0,466.0,575.2955000000001,7166.0,193.0,0.1690308509457033,0.26355878421243734,-0.19265559625247877,0.04410626785380089,0.044224360942262744,True
IND209304AAA,IND110037AAM,6,6,1.7730060538069132,1.0,784.0,417.0,524.42525,2592.0,97.0,0.4082482904638631,0.26355878421243734,-0.19265559625247877,0.1461549749756001,-0.19054999878081674,True
IND209304AAA,IND208012AAA,21,21,1.037037037037037,0.47619047619047616,34.0,27.0,36.6229,162.0,112.0,0.2182178902359924,0.26355878421243734,-0.19265559625247877,0.4229878397055964,-0.3442688994263448,False
IND210501AAB,IND209304AAA,16,16,2.589681903234429,1.0,224.0,87.0,115.73825,2069.0,38.5,0.25,0.5315436198841215,-0.37245665409905515,0.26355878421243734,-0.19265559625247877,True
IND302014AAA,IND000000ACB,23,23,1.6850828729281768,1.0,316.0,181.0,237.6801,2799.0,186.0,0.20851441405707477,0.06700878042487779,-0.027947844933940324,0.04410626785380089,0.044224360942262744,True
IND302014AAA,IND110037AAM,14,14,1.563856486390951,1.0,353.5,230.5,293.9481,1893.0,171.5,0.2672612419124244,0.06700878042487779,-0.027947844933940324,0.1461549749756001,-0.19054999878081674,True
IND380021AAA,IND382430AAB,32,32,2.3125,1.0,38.0,16.0,18.83605,1505.0,33.5,0.17677669529663687,0.14911528014520042,0.16954972813832664,-0.0164182202548391,-0.021805891852737822,True
IND382430AAB,IND000000ACB,17,17,1.829153605015674,1.0,1169.0,643.0,903.754,11480.0,341.0,0.24253562503633297,-0.0164182202548391,-0.021805891852737822,0.04410626785380089,0.044224360942262744,True
IND382430AAB,IND395023AAA,30,30,1.8013943785682915,1.0,372.5,207.5,282.85715,4891.0,352.0,0.18257418583505536,-0.0164182202548391,-0.021805891852737822,-0.062195653663667985,-0.1503931292420083,True
IND395023AAA,IND110037AAM,18,18,1.736656001028649,1.0,1543.5,892.5,1181.7478999999998,12101.0,412.5,0.23570226039551587,-0.062195653663667985,-0.1503931292420083,0.1461549749756001,-0.19054999878081674,True
IND395023AAA,IND382430AAB,21,21,1.693121693121693,1.0,336.0,195.0,271.5415,3015.0,132.0,0.2182178902359924,-0.062195653663667985,-0.1503931292420083,-0.0164182202548391,-0.021805891852737822,True
IND395023AAA,IND411033AAA,11,11,2.3525835866261398,1.0,780.0,329.0,414.1674,5350.0,164.0,0.30151134457776363,-0.062195653663667985,-0.1503931292420083,-0.2247129255595074,-0.11564232576112854,True
IND395023AAA,IND421302AAG,3,3,2.375,1.0,494.0,208.0,271.9659,844.0,167.0,0.5773502691896258,-0.062195653663667985,-0.1503931292420083,-0.09652734779696122,-0.25429256805432443,True
IND395023AAA,IND562132AAA,20,20,1.7142865941601269,1.0,1679.0,965.0,1252.96745,14061.0,175.5,0.22360679774997896,-0.062195653663667985,-0.1503931292420083,-0.0394965708592197,-0.06958317239877138,True
IND400011AAA,IND400072AAB,12,12,2.2666666666666666,1.0,34.0,15.0,16.3912,266.0,37.5,0.2886751345948129,-0.40079327586457647,-0.5286674655525154,-0.2750750266729604,-0.3585414762504734,True
IND400011AAA,IND400072AAD,53,53,2.7222222222222223,0.9811320754716981,48.0,18.0,19.723,1754.0,40.0,0.13736056394868904,-0.40079327586457647,-0.5286674655525154,-0.24707945897041023,-0.5501422958520676,True
IND400015AAA,IND400072AAB,36,36,2.7279411764705883,1.0,48.0,17.0,17.82595,1568.0,81.0,0.16666666666666666,-0.20005866856575566,-0.37147116012343695,-0.2750750266729604,-0.3585414762504734,True
IND400015AAA,IND421302AAG,1,1,3.7586206896551726,1.0,109.0,29.0,40.5513,80.0,60.0,1.0,-0.20005866856575566,-0.37147116012343695,-0.09652734779696122,-0.25429256805432443,True
IND400015AAB,IND400072AAB,6,6,4.1,1.0,76.5,18.0,22.0432,307.0,54.0,0.4082482904638631,-0.2850840845132919,-0.28838369312169887,-0.2750750266729604,-0.3585414762504734,True
IND400015AAB,IND421302AAG,23,23,3.2857142857142856,1.0,92.0,31.0,43.0666,1935.0,100.0,0.20851441405707477,-0.2850840845132919,-0.28838369312169887,-0.09652734779696122,-0.25429256805432443,True
IND400072AAB,IND000000AFT,67,67,2.5555555555555554,1.0,48.0,19.0,22.4665,2415.0,46.0,0.12216944435630522,-0.2750750266729604,-0.3585414762504734,-0.2313823158086919,-0.31132437013230113,True
IND400072AAB,IND400011AAA,2,2,3.7058823529411766,1.0,63.0,17.0,21.7556,92.0,59.0,0.7071067811865475,-0.2750750266729604,-0.3585414762504734,-0.40079327586457647,-0.5286674655525154,True
IND400072AAB,IND400015AAA,60,60,3.176470588235294,1.0,53.5,17.0,19.986600000000003,2638.0,60.0,0.12909944487358055,-0.2750750266729604,-0.3585414762504734,-0.20005866856575566,-0.37147116012343695,True
IND400072AAB,IND400015AAB,1,1,2.9411764705882355,1.0,50.0,17.0,21.6253,33.0,78.0,1.0,-0.2750750266729604,-0.3585414762504734,-0.2850840845132919,-0.28838369312169887,True
IND400072AAB,IND400701AAB,3,3,2.5,1.0,46.0,19.0,22.205,95.0,44.0,0.5773502691896258,-0.2750750266729604,-0.3585414762504734,-0.1668471463841536,-0.42622595049018025,True
IND400072AAB,IND401104AAA,72,72,3.033333333333333,1.0,48.0,16.0,20.7678,2474.0,43.5,0.11785113019775793,-0.2750750266729604,-0.3585414762504734,-0.306909119605879,-0.5135367208650766,True
IND400072AAB,IND401104AAB,1,1,3.7142857142857144,1.0,52.0,14.0,19.5201,38.0,55.0,1.0,-0.2750750266729604,-0.3585414762504734,-0.2328894659766596,-0.4182837208860621,True
IND400072AAB,IND411033AAA,8,8,1.7142428785607196,1.0,198.5,115.5,135.9055,764.0,58.0,0.35355339059327373,-0.2750750266729604,-0.3585414762504734,-0.2247129255595074,-0.11564232576112854,True
IND400072AAB,IND421302AAG,63,63,3.0869565217391304,1.0,66.0,22.0,28.077399999999997,4365.0,108.0,0.1259881576697424,-0.2750750266729604,-0.3585414762504734,-0.09652734779696122,-0.25429256805432443,True
IND400072AAD,IND421302AAG,99,99,2.608695652173913,1.0,54.0,21.0,26.2466,5601.0,120.0,0.10050378152592121,-0.24707945897041023,-0.5501422958520676,-0.09652734779696122,-0.25429256805432443,True
IND400102AAB,IND421302AAG,20,20,2.1153846153846154,1.0,59.5,29.0,33.3096,1642.0,92.0,0.22360679774997896,-0.11785098736446663,-0.4775182046232553,-0.09652734779696122,-0.25429256805432443,True
IND400102AAC,IND421302AAG,28,28,3.0343915343915344,1.0,93.5,28.5,33.02295,2995.0,88.5,0.1889822365046136,-0.06319932756641566,-0.41922512330209616,-0.09652734779696122,-0.25429256805432443,True
IND400701AAB,IND421302AAG,26,26,2.605263157894737,1.0,49.5,21.0,22.9427,1135.0,133.0,0.19611613513818404,-0.1668471463841536,-0.42622595049018025,-0.09652734779696122,-0.25429256805432443,True
IND401104AAA,IND400072AAB,31,31,3.0625,1.0,46.0,16.0,20.272599999999997,1751.0,64.0,0.1796053020267749,-0.306909119605879,-0.5135367208650766,-0.2750750266729604,-0.3585414762504734,True
IND401104AAA,IND401208AAA,37,37,2.5555555555555554,1.0,46.0,17.0,23.518300000000004,1099.0,63.0,0.1643989873053573,-0.306909119605879,-0.5135367208650766,-0.4795506441534461,-0.7548235571963016,True
IND401104AAA,IND401209AAA,1,1,2.761904761904762,1.0,58.0,21.0,25.3485,37.0,77.0,1.0,-0.306909119605879,-0.5135367208650766,-0.40870695398709417,-0.6896052207685955,True
IND401104AAA,IND421302AAG,14,14,2.4823717948717947,1.0,59.0,24.0,28.06475,704.0,96.5,0.2672612419124244,-0.306909119605879,-0.5135367208650766,-0.09652734779696122,-0.25429256805432443,True
IND401104AAB,IND400072AAB,5,5,2.2666666666666666,1.0,34.0,15.0,20.0807,214.0,39.0,0.4472135954999579,-0.2328894659766596,-0.4182837208860621,-0.2750750266729604,-0.3585414762504734,True
IND401104AAB,IND421302AAG,23,23,2.8461538461538463,1.0,71.0,25.0,28.4979,1855.0,136.0,0.20851441405707477,-0.2328894659766596,-0.4182837208860621,-0.09652734779696122,-0.25429256805432443,True
IND401209AAA,IND401104AAA,23,23,6.2727272727272725,1.0,142.0,21.0,28.8923,2457.0,28.0,0.20851441405707477,-0.40870695398709417,-0.6896052207685955,-0.306909119605879,-0.5135367208650766,True
IND403726AAA,IND411033AAA,14,14,1.7982693407221708,1.0,757.0,414.5,515.5548,5127.0,92.5,0.2672612419124244,-0.4289578273808281,-0.1451314033997445,-0.2247129255595074,-0.11564232576112854,True
IND411014AAA,IND411033AAA,15,15,2.3666666666666667,1.0,71.0,33.0,29.44,1694.0,49.0,0.2581988897471611,-0.4397695732546026,-0.08722808558369027,-0.2247129255595074,-0.11564232576112854,True
IND411033AAA,IND000000ACB,18,18,1.4972426483942631,1.0,1746.5,1190.5,1458.8642,10302.0,190.0,0.23570226039551587,-0.2247129255595074,-0.11564232576112854,0.04410626785380089,0.044224360942262744,True
IND411033AAA,IND400072AAB,8,8,1.7772232304900182,1.0,192.5,115.0,134.33705,697.0,93.5,0.35355339059327373,-0.2247129255595074,-0.11564232576112854,-0.2750750266729604,-0.3585414762504734,True
IND411033AAA,IND403726AAA,20,20,1.8842063907805133,1.0,798.0,415.5,511.51675,7678.0,206.5,0.22360679774997896,-0.2247129255595074,-0.11564232576112854,-0.4289578273808281,-0.1451314033997445,True
IND411033AAA,IND411014AAA,43,43,2.6785714285714284,1.0,75.0,28.0,26.087500000000002,2524.0,76.0,0.15249857033260467,-0.2247129255595074,-0.11564232576112854,-0.4397695732546026,-0.08722808558369027,True
IND411033AAA,IND411036AAA,32,32,1.8914431673052363,1.0,49.0,28.0,25.9418,1340.0,154.0,0.17677669529663687,-0.2247129255595074,-0.11564232576112854,-0.4173837226169533,-0.03212042160387542,True
IND411033AAA,IND421302AAG,107,107,1.7241379310344827,1.0,201.0,116.0,133.5104,11063.0,98.0,0.09667364890456635,-0.2247129255595074,-0.11564232576112854,-0.09652734779696122,-0.25429256805432443,True
IND411033AAA,IND501359AAE,11,11,1.4166666666666667,1.0,791.0,564.0,704.8637,2794.0,231.0,0.30151134457776363,-0.2247129255595074,-0.11564232576112854,-0.10666295673000845,-0.019723457401459518,True
IND411033AAA,IND562132AAA,10,10,1.6822593167701863,1.0,1102.0,648.0,856.31895,4965.0,341.0,0.31622776601683794,-0.2247129255595074,-0.11564232576112854,-0.0394965708592197,-0.06958317239877138,True
IND411036AAA,IND411033AAA,33,33,2.2758620689655173,1.0,66.0,29.0,26.8761,1537.0,138.0,0.17407765595569785,-0.4173837226169533,-0.03212042160387542,-0.2247129255595074,-0.11564232576112854,True
IND421302AAG,IND000000ACB,26,26,1.829527100215266,1.0,1935.5,1042.0,1413.37685,23713.0,220.0,0.19611613513818404,-0.09652734779696122,-0.25429256805432443,0.04410626785380089,0.044224360942262744,True
IND421302AAG,IND000000AFT,54,54,2.451127819548872,1.0,50.0,20.0,22.75725,3113.0,139.0,0.13608276348795434,-0.09652734779696122,-0.25429256805432443,-0.2313823158086919,-0.31132437013230113,True
IND421302AAG,IND110037AAM,19,19,1.90633608815427,1.0,2098.0,1114.0,1474.1167,19128.0,168.0,0.22941573387056174,-0.09652734779696122,-0.25429256805432443,0.1461549749756001,-0.19054999878081674,True
IND421302AAG,IND160002AAC,1,1,1.7876543209876543,1.0,2172.0,1215.0,1656.2988,957.0,387.0,1.0,-0.09652734779696122,-0.25429256805432443,0.17930770530329396,0.06426578435833179,True
IND421302AAG,IND382430AAB,18,18,2.042121549789938,1.0,740.5,372.5,519.75275,6862.0,173.0,0.23570226039551587,-0.09652734779696122,-0.25429256805432443,-0.0164182202548391,-0.021805891852737822,True
IND421302AAG,IND395023AAA,11,11,2.308108108108108,1.0,428.0,185.0,253.5541,2996.0,152.0,0.30151134457776363,-0.09652734779696122,-0.25429256805432443,-0.062195653663667985,-0.1503931292420083,True
IND421302AAG,IND400015AAA,49,49,2.5714285714285716,1.0,78.0,31.0,43.0608,3078.0,91.0,0.14285714285714285,-0.09652734779696122,-0.25429256805432443,-0.20005866856575566,-0.37147116012343695,True
IND421302AAG,IND400015AAB,31,31,2.2758620689655173,1.0,71.0,30.0,43.007,1465.0,210.0,0.1796053020267749,-0.09652734779696122,-0.25429256805432443,-0.2850840845132919,-0.28838369312169887,True
IND421302AAG,IND400072AAB,105,105,2.5789473684210527,1.0,54.0,21.0,27.3465,4103.0,101.0,0.09759000729485333,-0.09652734779696122,-0.25429256805432443,-0.2750750266729604,-0.3585414762504734,True
IND421302AAG,IND400072AAJ,38,38,2.704545454545454,1.0,59.5,22.0,27.4615,1758.0,103.0,0.16222142113076254,-0.09652734779696122,-0.25429256805432443,-0.37638682122503175,-0.403521349277318,True
IND421302AAG,IND400102AAB,33,33,2.4,1.0,65.0,28.0,33.021300000000004,1672.0,222.0,0.17407765595569785,-0.09652734779696122,-0.25429256805432443,-0.11785098736446663,-0.4775182046232553,True
IND421302AAG,IND400102AAC,62,62,2.6566666666666667,0.9838709677419355,77.5,28.0,33.0236,4222.0,120.0,0.1270001270001905,-0.09652734779696122,-0.25429256805432443,-0.06319932756641566,-0.41922512330209616,True
IND421302AAG,IND400701AAB,22,22,2.450657894736842,1.0,52.0,21.0,22.76595,985.0,278.5,0.21320071635561041,-0.09652734779696122,-0.25429256805432443,-0.1668471463841536,-0.42622595049018025,True
IND421302AAG,IND401104AAA,78,78,2.755928853754941,1.0,63.5,25.0,28.986250000000002,4266.0,93.5,0.11322770341445956,-0.09652734779696122,-0.25429256805432443,-0.306909119605879,-0.5135367208650766,True
IND421302AAG,IND401104AAB,10,10,2.2596153846153846,1.0,60.0,25.0,28.80205,304.0,216.0,0.31622776601683794,-0.09652734779696122,-0.25429256805432443,-0.2328894659766596,-0.4182837208860621,True
IND421302AAG,IND411033AAA,72,72,1.8616427432216907,1.0,211.0,114.0,131.65305,7873.0,140.0,0.11785113019775793,-0.09652734779696122,-0.25429256805432443,-0.2247129255595074,-0.11564232576112854,True
IND421302AAG,IND422011AAD,21,21,1.7578947368421052,1.0,168.0,96.0,137.067,1600.0,238.0,0.2182178902359924,-0.09652734779696122,-0.25429256805432443,-0.050641770956057625,-0.4770262659485873,True
IND421302AAG,IND444005AAB,20,20,2.335479797979798,1.0,937.0,395.5,568.5761,10730.0,345.5,0.22360679774997896,-0.09652734779696122,-0.25429256805432443,-0.3904472703758666,-0.27682585392168907,True
IND421302AAG,IND462022AAA,12,12,2.10337509211496,1.0,1214.5,570.0,810.8851999999999,7627.0,254.0,0.2886751345948129,-0.09652734779696122,-0.25429256805432443,0.05407200671450757,-0.21431928151636812,True
IND421302AAG,IND501359AAE,24,24,1.6108081675890515,1.0,1107.5,681.0,842.86905,10390.0,339.0,0.20412414523193154,-0.09652734779696122,-0.25429256805432443,-0.10666295673000845,-0.019723457401459518,True
IND421302AAG,IND562132AAA,30,30,1.734394736842105,1.0,1321.0,760.5,981.8785499999999,17451.0,245.5,0.18257418583505536,-0.09652734779696122,-0.25429256805432443,-0.0394965708592197,-0.06958317239877138,True
IND421302AAG,IND712311AAA,9,9,1.5446381405176968,1.0,2924.0,1893.0,2584.1211,9308.0,273.0,0.3333333333333333,-0.09652734779696122,-0.25429256805432443,0.2610654512684727,-0.13609123848332302,True
IND422011AAD,IND421302AAG,21,21,2.3333333333333335,1.0,212.0,95.0,136.2988,4114.0,262.0,0.2182178902359924,-0.050641770956057625,-0.4770262659485873,-0.09652734779696122,-0.25429256805432443,True
IND444005AAB,IND421302AAG,20,20,2.2866076015990173,1.0,905.5,397.0,571.33115,10024.0,83.0,0.22360679774997896,-0.3904472703758666,-0.27682585392168907,-0.09652734779696122,-0.25429256805432443,True
IND444602AAA,IND444005AAB,21,21,2.1095890410958904,1.0,155.0,73.0,96.8424,1848.0,64.0,0.2182178902359924,-0.6757030147505373,-0.2643255132912211,-0.3904472703758666,-0.27682585392168907,True
IND462001AAA,IND462022AAA,28,28,4.181818181818182,1.0,48.0,13.0,14.6035,1720.0,28.0,0.1889822365046136,0.07656540067668509,-0.41022748531312,0.05407200671450757,-0.21431928151636812,True
IND462022AAA,IND000000ACB,26,26,1.32902995522657,0.7692307692307693,1113.0,855.0,853.0571,7749.0,146.0,0.19611613513818404,0.05407200671450757,-0.21431928151636812,0.04410626785380089,0.044224360942262744,True
IND462022AAA,IND209304AAA,25,25,1.9133489461358313,1.0,822.0,430.0,590.3931,10001.0,191.0,0.2,0.05407200671450757,-0.21431928151636812,0.26355878421243734,-0.19265559625247877,True
IND462022AAA,IND462001AAA,3,3,2.5,1.0,30.0,12.0,14.5169,75.0,79.0,0.5773502691896258,0.05407200671450757,-0.21431928151636812,0.07656540067668509,-0.41022748531312,True
IND462022AAA,IND462042AAA,2,2,3.5666666666666664,1.0,73.5,20.5,20.461750000000002,106.0,9.5,0.7071067811865475,0.05407200671450757,-0.21431928151636812,0.13267230952484116,-0.40320445005857874,True
IND462042AAA,IND462022AAA,17,17,4.869565217391305,1.0,98.0,20.0,19.5416,1420.0,19.0,0.24253562503633297,0.13267230952484116,-0.40320445005857874,0.05407200671450757,-0.21431928151636812,True
IND500010AAB,IND501359AAE,39,39,2.3684210526315788,1.0,125.0,52.0,62.603100000000005,3100.0,166.0,0.16012815380508713,-0.2219725275985394,0.15219890713228845,-0.10666295673000845,-0.019723457401459518,True
IND500039AAC,IND501359AAE,15,15,3.15625,1.0,126.0,32.0,37.1575,2099.0,122.0,0.2581988897471611,-0.2770918285597391,0.11039409577144035,-0.10666295673000845,-0.019723457401459518,True
IND500050AAA,IND501359AAE,21,21,2.533333333333333,1.0,75.0,31.0,36.9655,1943.0,171.0,0.2182178902359924,-0.2987360370420813,0.04697837650169135,-0.10666295673000845,-0.019723457401459518,True
IND501359AAE,IND000000ACB,1,1,1.906855439642325,1.0,2559.0,1342.0,1708.8194,1217.0,185.0,1.0,-0.10666295673000845,-0.019723457401459518,0.04410626785380089,0.044224360942262744,True
IND501359AAE,IND411033AAA,20,20,1.8965735552038328,1.0,914.0,483.0,656.79115,8713.0,165.0,0.22360679774997896,-0.10666295673000845,-0.019723457401459518,-0.2247129255595074,-0.11564232576112854,True
IND501359AAE,IND462022AAA,20,20,1.920331790123457,1.0,1290.5,650.5,938.415,12652.0,198.0,0.22360679774997896,-0.10666295673000845,-0.019723457401459518,0.05407200671450757,-0.21431928151636812,True
IND501359AAE,IND500010AAB,33,33,1.9166666666666667,1.0,114.0,50.0,72.8458,3067.0,183.0,0.17407765595569785,-0.10666295673000845,-0.019723457401459518,-0.2219725275985394,0.15219890713228845,True
IND501359AAE,IND500039AAC,10,10,1.75852534562212,1.0,63.5,34.0,38.3674,281.0,120.5,0.31622776601683794,-0.10666295673000845,-0.019723457401459518,-0.2770918285597391,0.11039409577144035,True
IND501359AAE,IND500050AAA,18,18,1.7166666666666668,1.0,55.0,30.0,34.6816,528.0,111.0,0.23570226039551587,-0.10666295673000845,-0.019723457401459518,-0.2987360370420813,0.04697837650169135,True
IND501359AAE,IND562132AAA,5,5,1.5644820295983086,1.0,715.0,455.0,580.2565,1320.0,218.0,0.4472135954999579,-0.10666295673000845,-0.019723457401459518,-0.0394965708592197,-0.06958317239877138,True
IND501359AAE,IND712311AAA,2,2,1.984400464087205,1.0,2093.0,1054.5,1506.24735,2077.0,285.0,0.7071067811865475,-0.10666295673000845,-0.019723457401459518,0.2610654512684727,-0.13609123848332302,True
IND501359AAE,IND751002AAB,8,8,2.037969517057372,1.0,1487.5,731.5,1056.5466999999999,6321.0,186.0,0.35355339059327373,-0.10666295673000845,-0.019723457401459518,0.08044186775703169,-0.08797276593103011,True
IND560099AAB,IND560300AAA,121,121,1.7222222222222223,0.8842975206611571,110.0,64.0,61.269000000000005,6235.0,62.0,0.09090909090909091,-0.1536652091738359,0.06795282504127494,-0.19383802601164363,0.01515275517908704,True
IND560099AAB,IND562132AAA,102,102,1.5779352226720649,0.8627450980392157,84.5,54.5,52.99135,4195.0,147.0,0.09901475429766744,-0.1536652091738359,0.06795282504127494,-0.0394965708592197,-0.06958317239877138,True
IND560300AAA,IND560099AAB,86,86,1.9712215320910973,0.8604651162790697,136.0,70.0,72.47649999999999,5858.0,59.0,0.10783277320343841,-0.19383802601164363,0.01515275517908704,-0.1536652091738359,0.06795282504127494,True
IND560300AAA,IND562132AAA,108,108,1.5113801452784503,0.7407407407407407,91.0,66.0,52.1894,4532.0,68.5,0.09622504486493763,-0.19383802601164363,0.01515275517908704,-0.0394965708592197,-0.06958317239877138,True
IND562132AAA,IND000000ACB,44,44,1.5691081905863369,1.0,2786.0,1793.0,2318.90485,44531.0,311.5,0.15075567228888181,-0.0394965708592197,-0.06958317239877138,0.04410626785380089,0.044224360942262744,True
IND562132AAA,IND302014AAA,14,14,1.705335482163473,1.0,2636.0,1541.5,2009.2582000000002,15477.0,411.5,0.2672612419124244,-0.0394965708592197,-0.06958317239877138,0.06700878042487779,-0.027947844933940324,True
IND562132AAA,IND395023AAA,1,1,1.8159311087190528,1.0,1687.0,929.0,1243.9436,758.0,259.0,1.0,-0.0394965708592197,-0.06958317239877138,-0.062195653663667985,-0.1503931292420083,True
IND562132AAA,IND411033AAA,13,13,1.6517719568567026,1.0,1069.0,636.0,844.6168,5378.0,191.0,0.2773500981126146,-0.0394965708592197,-0.06958317239877138,-0.2247129255595074,-0.11564232576112854,True
IND562132AAA,IND421302AAG,7,7,1.656953642384106,1.0,1242.0,745.0,972.1678,3433.0,267.0,0.3779644730092272,-0.0394965708592197,-0.06958317239877138,-0.09652734779696122,-0.25429256805432443,True
IND562132AAA,IND462022AAA,13,13,1.872300469483568,1.0,1994.0,1065.0,1484.4129,12672.0,242.0,0.2773500981126146,-0.0394965708592197,-0.06958317239877138,0.05407200671450757,-0.21431928151636812,True
IND562132AAA,IND501359AAE,8,8,1.567503254737451,1.0,724.5,455.5,578.517,2233.0,257.5,0.35355339059327373,-0.0394965708592197,-0.06958317239877138,-0.10666295673000845,-0.019723457401459518,True
IND562132AAA,IND560099AAB,127,127,1.5357142857142858,0.8976377952755905,85.0,54.0,52.2289,4711.0,170.0,0.08873565094161139,-0.0394965708592197,-0.06958317239877138,-0.1536652091738359,0.06795282504127494,True
IND562132AAA,IND560300AAA,151,151,1.7142857142857142,0.9271523178807947,83.0,51.0,42.6567,5551.0,83.0,0.08137884587711594,-0.0394965708592197,-0.06958317239877138,-0.19383802601164363,0.01515275517908704,True
IND562132AAA,IND712311AAA,3,3,2.113888888888889,1.0,3044.0,1405.0,1964.4609,4878.0,497.0,0.5773502691896258,-0.0394965708592197,-0.06958317239877138,0.2610654512684727,-0.13609123848332302,True
IND562132AAA,IND751002AAB,15,15,2.0009225092250924,1.0,2169.0,1099.0,1528.4059,16751.0,380.0,0.2581988897471611,-0.0394965708592197,-0.06958317239877138,0.08044186775703169,-0.08797276593103011,True
IND700026AAC,IND700065AAA,2,2,1.625,1.0,31.5,19.5,14.16295,24.0,27.0,0.7071067811865475,0.47299560999345186,-0.08698742562547773,0.44321815779271867,-0.04564906886118326,True
IND700026AAC,IND712311AAA,4,4,4.175716440422323,1.0,186.5,41.5,40.7503,579.0,95.0,0.5,0.47299560999345186,-0.08698742562547773,0.2610654512684727,-0.13609123848332302,True
IND700028AAB,IND712311AAA,11,11,4.2631578947368425,1.0,81.0,17.0,22.7545,1213.0,61.0,0.30151134457776363,0.43139963599490794,-0.2438313774931817,0.2610654512684727,-0.13609123848332302,True
IND700065AAA,IND700026AAC,2,2,2.1873065015479876,1.0,39.5,18.0,12.3452,43.0,12.5,0.7071067811865475,0.44321815779271867,-0.04564906886118326,0.47299560999345186,-0.08698742562547773,True
IND700065AAA,IND712311AAA,24,24,3.0769230769230766,1.0,78.5,23.5,27.86375,2900.0,139.5,0.20412414523193154,0.44321815779271867,-0.04564906886118326,0.2610654512684727,-0.13609123848332302,True
IND700088AAA,IND712311AAA,9,9,3.5555555555555554,1.0,96.0,28.0,29.6182,562.0,253.0,0.3333333333333333,0.4724351013883113,-0.19696817557637625,0.2610654512684727,-0.13609123848332302,True
IND712311AAA,IND000000ACB,11,11,1.3506224066390042,1.0,1986.0,1467.0,1917.843,6711.0,212.0,0.30151134457776363,0.2610654512684727,-0.13609123848332302,0.04410626785380089,0.044224360942262744,True
IND712311AAA,IND421302AAG,5,5,1.7412823397075365,1.0,3096.0,1778.0,2407.3086,7282.0,521.0,0.4472135954999579,0.2610654512684727,-0.13609123848332302,-0.09652734779696122,-0.25429256805432443,True
IND712311AAA,IND700026AAC,29,29,2.6176470588235294,1.0,90.0,35.0,33.6686,1961.0,69.0,0.18569533817705186,0.2610654512684727,-0.13609123848332302,0.47299560999345186,-0.08698742562547773,True
IND712311AAA,IND700028AAB,23,23,3.526315789473684,1.0,67.0,18.0,18.9277,1236.0,54.0,0.20851441405707477,0.2610654512684727,-0.13609123848332302,0.43139963599490794,-0.2438313774931817,True
IND712311AAA,IND700065AAA,29,29,3.3636363636363638,1.0,74.0,22.0,21.2211,1827.0,64.0,0.18569533817705186,0.2610654512684727,-0.13609123848332302,0.44321815779271867,-0.04564906886118326,True
IND712311AAA,IND700088AAA,30,30,3.5476190476190474,1.0,103.0,31.0,30.5781,3333.0,181.0,0.18257418583505536,0.2610654512684727,-0.13609123848332302,0.4724351013883113,-0.19696817557637625,True
IND712311AAA,IND713205AAB,12,12,2.1510643983254654,1.0,223.5,103.0,149.1601,1540.0,144.0,0.2886751345948129,0.2610654512684727,-0.13609123848332302,0.4495293551024712,-0.14385180219784466,True
IND712311AAA,IND751002AAB,27,27,1.6904109589041096,1.0,595.0,367.0,518.8482,8626.0,163.0,0.19245008972987526,0.2610654512684727,-0.13609123848332302,0.08044186775703169,-0.08797276593103011,True
IND712311AAA,IND781018AAB,8,8,2.889958210331417,1.0,2184.5,733.5,1033.5122499999998,12306.0,531.5,0.35355339059327373,0.2610654512684727,-0.13609123848332302,0.333874555089723,-0.33290017193852783,True
IND712311AAA,IND821115AAB,1,1,0.9611111111111111,0.0,692.0,720.0,911.2153000000001,0.0,271.0,1.0,0.2610654512684727,-0.13609123848332302,0.2353486274933801,-0.01236301813792071,False
IND713205AAB,IND712311AAA,12,12,7.698340874811463,1.0,793.0,102.5,148.62515000000002,7505.0,282.5,0.2886751345948129,0.4495293551024712,-0.14385180219784466,0.2610654512684727,-0.13609123848332302,True
IND713364AAB,IND712311AAA,12,12,4.424325434871935,1.0,655.0,147.0,207.83890000000002,4583.0,63.0,0.2886751345948129,0.5885265724167431,-0.10551984523007171,0.2610654512684727,-0.13609123848332302,True
IND721102AAA,IND712311AAA,13,13,7.9,1.0,711.0,92.0,125.3268,7870.0,58.0,0.2773500981126146,0.5818974620121583,-0.2187792475617374,0.2610654512684727,-0.13609123848332302,True
IND751002AAB,IND562132AAA,13,13,2.0964066608238388,1.0,2396.0,1138.0,1573.2754,16219.0,58.0,0.2773500981126146,0.08044186775703169,-0.08797276593103011,-0.0394965708592197,-0.06958317239877138,True
IND751002AAB,IND712311AAA,25,25,2.096875,1.0,658.0,316.0,434.0732,10371.0,114.0,0.2,0.08044186775703169,-0.08797276593103011,0.2610654512684727,-0.13609123848332302,True
IND781018AAB,IND110037AAM,17,17,2.0,1.0,3347.0,1684.0,2313.7947,28774.0,169.0,0.24253562503633297,0.333874555089723,-0.33290017193852783,0.1461549749756001,-0.19054999878081674,True
IND781018AAB,IND712311AAA,6,6,2.8363250446435626,1.0,2043.0,723.5,1025.17015,8986.0,387.0,0.4082482904638631,0.333874555089723,-0.33290017193852783,0.2610654512684727,-0.13609123848332302,True
IND781018AAB,IND788026AAC,12,12,2.7546081432474243,1.0,679.0,246.0,341.154,5571.0,255.0,0.2886751345948129,0.333874555089723,-0.33290017193852783,0.4677272530949428,-0.5071330431417977,True
IND788026AAC,IND781018AAB,18,18,2.4085511890706695,1.0,576.5,242.0,337.66705,6191.0,159.0,0.23570226039551587,0.4677272530949428,-0.5071330431417977,0.333874555089723,-0.33290017193852783,True
IND811399AAA,IND110044AAB,40,40,2.861111111111111,1.0,52.5,16.0,14.4427,2162.0,170.5,0.15811388300841897,0.28468430407811146,-0.2901493303034201,0.206167776080945,-0.14023418984616012,True
IND811399AAA,IND209304AAA,10,10,1.6218515413634111,1.0,526.0,324.0,444.96865,2169.0,45.5,0.31622776601683794,0.28468430407811146,-0.2901493303034201,0.26355878421243734,-0.19265559625247877,True
IND821115AAB,IND000000ACB,7,7,1.6027241770715097,1.0,1348.0,858.0,1150.6173000000001,3757.0,60.0,0.3779644730092272,0.2353486274933801,-0.01236301813792071,0.04410626785380089,0.044224360942262744,True
IND821115AAB,IND209304AAA,12,12,1.5407046476761619,1.0,631.5,394.5,565.0962999999999,2846.0,46.5,0.2886751345948129,0.2353486274933801,-0.01236301813792071,0.26355878421243734,-0.19265559625247877,True
IND842001AAA,IND845401AAA,4,4,2.2241379310344827,0.75,130.5,59.0,85.26215,253.0,73.0,0.5,-0.1583753167836501,0.7116312969524138,-0.050966027806079624,0.9540635338032427,True
IND842001AAA,IND847212AAA,22,22,2.167449139280125,1.0,160.0,71.0,96.6565,2091.0,91.5,0.21320071635561041,-0.1583753167836501,0.7116312969524138,-0.3168292734516052,0.9444497594858284,True
IND842001AAA,IND854326AAB,19,19,1.949748743718593,1.0,388.0,201.0,293.43,3773.0,102.0,0.22941573387056174,-0.1583753167836501,0.7116312969524138,0.03259102193905708,0.5142135281267135,True
IND844505AAB,IND842001AAA,14,14,10.0,1.0,606.5,52.0,73.67435,7879.0,52.0,0.2672612419124244,-0.20574987040016815,0.9167829738472588,-0.1583753167836501,0.7116312969524138,True
IND845305AAA,IND842001AAA,20,20,4.21959872767311,1.0,560.5,123.0,177.0716,7888.0,79.5,0.22360679774997896,-0.10735132289851039,0.9305775302681785,-0.1583753167836501,0.7116312969524138,True
IND845401AAA,IND845305AAA,22,22,2.5714285714285716,1.0,90.5,35.0,49.12295,1255.0,42.5,0.21320071635561041,-0.050966027806079624,0.9540635338032427,-0.10735132289851039,0.9305775302681785,True
IND845455AAB,IND842001AAA,17,17,2.3495934959349594,1.0,289.0,123.0,170.0623,3207.0,159.0,0.24253562503633297,-0.2919331646968093,0.8545681275843101,-0.1583753167836501,0.7116312969524138,True
IND847212AAA,IND847226AAA,21,21,1.394736842105263,1.0,48.0,35.0,43.7726,426.0,68.0,0.2182178902359924,-0.3168292734516052,0.9444497594858284,-0.3660097675769988,0.8982957180957943,True
IND847223AAA,IND842001AAA,15,15,9.953846153846154,1.0,659.0,65.0,85.9415,8601.0,46.0,0.2581988897471611,-0.1554980803945223,1.0,-0.1583753167836501,0.7116312969524138,True
IND847226AAA,IND842001AAA,21,21,9.195121951219512,1.0,754.0,82.0,118.7312,13906.0,35.0,0.2182178902359924,-0.3660097675769988,0.8982957180957943,-0.1583753167836501,0.7116312969524138,True
IND847404AAB,IND842001AAA,18,18,8.232800982800983,1.0,633.0,76.0,108.03855,10070.0,55.0,0.23570226039551587,-0.38200567224685633,0.8075191472032055,-0.1583753167836501,0.7116312969524138,True
IND851127AAA,IND842001AAA,16,16,4.3556469298245615,1.0,416.0,95.0,111.10435000000001,4866.0,44.0,0.25,-0.2444747512081143,0.9896095097588902,-0.1583753167836501,0.7116312969524138,True
IND852111AAA,IND854326AAB,17,17,3.43,1.0,339.0,98.0,137.5554,3914.0,98.0,0.24253562503633297,0.16871718286362158,0.7312992673390395,0.03259102193905708,0.5142135281267135,True
IND852139AAB,IND854326AAB,21,21,3.2465753424657535,1.0,241.0,73.0,106.4102,3367.0,113.0,0.2182178902359924,0.08228412739240891,0.7486231672077416,0.03259102193905708,0.5142135281267135,True
IND854326AAB,IND000000ACB,18,18,1.6365799900068752,1.0,2032.5,1247.5,1690.9243000000001,14204.0,154.0,0.23570226039551587,0.03259102193905708,0.5142135281267135,0.04410626785380089,0.044224360942262744,True
